{"name":"Ramin","short_name":"Ramin","theme_color":"#000000","background_color":"#000000","display":"standalone","scope":"/","start_url":"/","prefer_related_applications":false,"icons":[{"src":"maskable.png","sizes":"196x196","type":"image/png","purpose":"any maskable"},{"src":"logo192.png","type":"image/png","sizes":"192x192"},{"src":"logo256.png","type":"image/png","sizes":"256x256"},{"src":"logo384.png","type":"image/png","sizes":"384x384"},{"src":"logo512.png","type":"image/png","sizes":"512x512"}]}